,Lane #2,Lane #2,Lane #2,Lane #2,Lane #2,Lane #2,Lane #3,Lane #3,Lane #3,Lane #3,Lane #3,Lane #3,Lane #4,Lane #4,Lane #4,Lane #4,Lane #4,Lane #4,Lane #5,Lane #5,Lane #5,Lane #5,Lane #5,Lane #5,Lane #6,Lane #6,Lane #6,Lane #6,Lane #6,Lane #6,Lane #7,Lane #7,Lane #7,Lane #7,Lane #7,Lane #7,Lane #8,Lane #8,Lane #8,Lane #8,Lane #8,Lane #8,Lane #9,Lane #9,Lane #9,Lane #9,Lane #9,Lane #9
,HENDERSON,HENDERSON,HENDERSON,HENDERSON,HENDERSON,HENDERSON,SEVILLA,SEVILLA,SEVILLA,SEVILLA,SEVILLA,SEVILLA,BRYANT,BRYANT,BRYANT,BRYANT,BRYANT,BRYANT,LANSIQUOT,LANSIQUOT,LANSIQUOT,LANSIQUOT,LANSIQUOT,LANSIQUOT,SMITH,SMITH,SMITH,SMITH,SMITH,SMITH,NEITA,NEITA,NEITA,NEITA,NEITA,NEITA,AKINOSUN,AKINOSUN,AKINOSUN,AKINOSUN,AKINOSUN,AKINOSUN,SEDNEY,SEDNEY,SEDNEY,SEDNEY,SEDNEY,SEDNEY
Time,X,Y,Speed,Accel,Distance,PathDist,X,Y,Speed,Accel,Distance,PathDist,X,Y,Speed,Accel,Distance,PathDist,X,Y,Speed,Accel,Distance,PathDist,X,Y,Speed,Accel,Distance,PathDist,X,Y,Speed,Accel,Distance,PathDist,X,Y,Speed,Accel,Distance,PathDist,X,Y,Speed,Accel,Distance,PathDist
00:00.000,-100.131,9.07,0.000,0.000,0.000,0.000,-100.131,7.85,0.000,0.000,0.000,0.000,-100.131,6.63,0.000,0.000,0.000,0.000,-100.131,5.41,0.000,0.000,0.000,0.000,-100.131,4.19,0.000,0.000,0.000,0.000,-100.131,2.97,0.000,0.000,0.000,0.000,-100.131,1.75,0.000,0.000,0.000,0.000,-100.131,0.53,0.000,0.000,0.000,0.000
00:00.000,-100.131,9.07,1.000,6.138,0.000,0.000,-100.131,7.85,0.955,4.775,0.000,0.000,-100.131,6.63,1.000,7.038,0.000,0.000,-100.131,5.41,1.000,5.063,0.000,0.000,-100.131,4.19,1.000,7.788,0.000,0.000,-100.131,2.97,0.853,4.263,0.000,0.000,-100.131,1.75,1.000,6.000,0.000,0.000,-100.131,0.53,0.380,1.900,0.000,0.000
00:00.496,-99.64,9.07,1.485,8.183,0.490,0.490,-99.749,7.85,1.273,6.367,0.381,0.381,-99.568,6.63,1.605,9.383,0.562,0.562,-99.726,5.41,1.342,6.750,0.404,0.404,-99.507,4.19,1.705,10.383,0.623,0.623,-99.79,2.97,1.422,5.691,0.340,0.340,-99.65,1.75,1.517,6.250,0.480,0.480,-99.979,0.53,0.695,2.842,0.151,0.151
00:00.596,-99.252,9.07,2.030,7.914,0.878,0.878,-99.44,7.85,1.648,6.078,0.690,0.690,-99.245,6.63,2.151,8.980,0.885,0.885,-99.366,5.41,1.809,6.553,0.764,0.764,-99.143,4.19,2.257,9.602,0.987,0.987,-99.431,2.97,1.963,6.616,0.682,0.682,-99.38,1.75,1.909,6.200,0.750,0.750,-99.773,0.53,1.046,3.687,0.357,0.357
00:00.596,-99.252,9.07,2.356,7.752,0.878,0.878,-99.44,7.85,1.873,5.904,0.690,0.690,-99.245,6.63,2.478,8.738,0.885,0.885,-99.366,5.41,2.089,6.435,0.764,0.764,-99.143,4.19,2.588,9.134,0.987,0.987,-99.431,2.97,2.288,7.172,0.682,0.682,-99.38,1.75,2.144,6.170,0.750,0.750,-99.773,0.53,1.256,4.194,0.357,0.357
00:00.596,-99.252,9.07,2.661,7.485,0.878,0.878,-99.44,7.85,2.141,5.938,0.690,0.690,-99.245,6.63,2.763,8.262,0.885,0.885,-99.366,5.41,2.399,6.466,0.764,0.764,-99.143,4.19,2.846,8.398,0.987,0.987,-99.431,2.97,2.674,7.599,0.682,0.682,-99.38,1.75,2.464,6.455,0.750,0.750,-99.773,0.53,1.610,5.071,0.357,0.357
00:00.696,-98.827,9.07,2.928,6.734,0.878,1.303,-99.135,7.85,2.464,5.733,0.690,0.995,-98.786,6.63,3.002,7.257,0.885,1.344,-98.984,5.41,2.671,5.917,0.764,1.146,-98.697,4.19,2.993,7.151,0.987,1.433,-98.985,2.97,2.974,6.967,0.682,1.145,-99.018,1.75,2.772,6.124,0.750,1.112,-99.503,0.53,1.939,4.914,0.357,0.627
00:00.796,-98.353,9.07,3.128,6.170,0.878,1.777,-98.714,7.85,2.707,5.579,0.690,1.416,-98.325,6.63,3.180,6.503,0.885,1.805,-98.513,5.41,2.875,5.505,0.764,1.617,-98.263,4.19,3.103,6.215,0.987,1.867,-98.422,2.97,3.199,6.493,0.682,1.708,-98.509,1.75,3.002,5.876,0.750,1.621,-99.032,0.53,2.185,4.796,0.357,1.098
00:00.796,-98.353,9.07,3.312,5.670,0.878,1.777,-98.714,7.85,2.920,5.220,0.690,1.416,-98.325,6.63,3.369,6.075,0.885,1.805,-98.513,5.41,3.056,5.122,0.764,1.617,-98.263,4.19,3.266,5.844,0.987,1.867,-98.422,2.97,3.367,5.904,0.682,1.708,-98.509,1.75,3.182,5.375,0.750,1.621,-99.032,0.53,2.429,4.647,0.357,1.098
00:00.796,-98.353,9.07,3.460,5.269,0.878,1.777,-98.714,7.85,3.090,4.933,0.690,1.416,-98.325,6.63,3.520,5.733,0.885,1.805,-98.513,5.41,3.200,4.816,0.764,1.617,-98.263,4.19,3.397,5.547,0.987,1.867,-98.422,2.97,3.501,5.433,0.682,1.708,-98.509,1.75,3.327,4.974,0.750,1.621,-99.032,0.53,2.670,4.581,0.357,1.098
00:00.896,-97.854,9.07,3.683,5.193,2.183,2.277,-98.233,7.85,3.301,4.862,1.743,1.897,-97.791,6.63,3.744,5.688,2.131,2.340,-98.053,5.41,3.410,4.710,1.982,2.078,-97.834,4.19,3.584,5.404,2.235,2.297,-97.952,2.97,3.738,5.455,2.066,2.179,-98.055,1.75,3.541,4.936,1.892,2.076,-98.609,0.53,2.915,4.586,0.357,1.521
00:00.996,-97.41,9.07,3.936,5.276,2.183,2.721,-97.769,7.85,3.496,4.726,1.743,2.362,-97.382,6.63,3.979,5.670,2.131,2.749,-97.621,5.41,3.622,4.652,1.982,2.510,-97.481,4.19,3.768,5.256,2.235,2.650,-97.464,2.97,3.935,5.233,2.066,2.667,-97.567,1.75,3.784,5.037,1.892,2.564,-98.211,0.53,3.171,4.661,1.728,1.919
00:00.996,-97.41,9.07,4.150,5.347,2.183,2.721,-97.769,7.85,3.661,4.611,1.743,2.362,-97.382,6.63,4.177,5.655,2.131,2.749,-97.621,5.41,3.801,4.603,1.982,2.510,-97.481,4.19,3.924,5.130,2.235,2.650,-97.464,2.97,4.101,5.045,2.066,2.667,-97.567,1.75,3.989,5.122,1.892,2.564,-98.211,0.53,3.389,4.724,1.728,1.919
00:00.996,-97.41,9.07,4.385,5.263,2.183,2.721,-97.769,7.85,3.887,4.588,1.743,2.362,-97.382,6.63,4.417,5.610,2.131,2.749,-97.621,5.41,4.024,4.595,1.982,2.510,-97.481,4.19,4.134,5.088,2.235,2.650,-97.464,2.97,4.329,5.014,2.066,2.667,-97.567,1.75,4.258,5.155,1.892,2.564,-98.211,0.53,3.674,4.761,1.728,1.919
00:01.096,-96.939,9.07,4.589,5.191,2.183,3.192,-97.336,7.85,4.082,4.569,1.743,2.795,-96.945,6.63,4.625,5.571,2.131,3.186,-97.222,5.41,4.217,4.588,1.982,2.909,-97.049,4.19,4.316,5.052,2.235,3.082,-97.042,2.97,4.526,4.986,2.066,3.089,-97.123,1.75,4.491,5.183,1.892,3.008,-97.817,0.53,3.922,4.793,1.728,2.314
00:01.196,-96.444,9.07,4.787,4.996,3.598,3.687,-96.849,7.85,4.264,4.381,3.122,3.282,-96.411,6.63,4.833,5.409,3.511,3.720,-96.734,5.41,4.429,4.556,3.276,3.393,-96.541,4.19,4.532,5.051,3.450,3.590,-96.547,2.97,4.736,4.919,3.447,3.584,-96.649,1.75,4.707,4.991,3.278,3.482,-97.336,0.53,4.151,4.643,2.998,2.795
00:01.196,-96.444,9.07,4.962,4.823,3.598,3.687,-96.849,7.85,4.424,4.215,3.122,3.282,-96.411,6.63,5.034,5.265,3.511,3.720,-96.734,5.41,4.624,4.451,3.276,3.393,-96.541,4.19,4.742,5.001,3.450,3.590,-96.547,2.97,4.931,4.799,3.447,3.584,-96.649,1.75,4.890,4.726,3.278,3.482,-97.336,0.53,4.366,4.510,2.998,2.795
00:01.196,-96.444,9.07,5.116,4.610,3.598,3.687,-96.849,7.85,4.584,4.107,3.122,3.282,-96.411,6.63,5.212,5.137,3.511,3.720,-96.734,5.41,4.798,4.357,3.276,3.393,-96.541,4.19,4.929,4.956,3.450,3.590,-96.547,2.97,5.105,4.693,3.447,3.584,-96.649,1.75,5.053,4.490,3.278,3.482,-97.336,0.53,4.559,4.333,2.998,2.795
00:01.296,-95.831,9.07,5.265,4.446,3.598,4.301,-96.354,7.85,4.733,3.985,3.122,3.777,-95.841,6.63,5.385,4.933,3.511,4.291,-96.132,5.41,4.968,4.197,3.276,4.000,-95.986,4.19,5.103,4.775,3.450,4.146,-95.938,2.97,5.280,4.575,3.447,4.194,-96.094,1.75,5.238,4.428,3.278,4.038,-96.807,0.53,4.742,4.189,2.998,3.324
00:01.396,-95.194,9.07,5.420,4.367,4.709,4.938,-95.753,7.85,4.881,3.895,4.702,4.379,-95.17,6.63,5.540,4.750,4.616,4.962,-95.554,5.41,5.120,4.053,4.367,4.578,-95.4,4.19,5.259,4.612,4.512,4.732,-95.26,2.97,5.438,4.469,4.548,4.872,-95.47,1.75,5.404,4.372,4.307,4.662,-96.217,0.53,4.906,4.060,4.118,3.914
00:01.396,-95.194,9.07,5.552,4.177,4.709,4.938,-95.753,7.85,5.033,3.790,4.702,4.379,-95.17,6.63,5.692,4.536,4.616,4.962,-95.554,5.41,5.271,3.990,4.367,4.578,-95.4,4.19,5.412,4.445,4.512,4.732,-95.26,2.97,5.578,4.261,4.548,4.872,-95.47,1.75,5.549,4.184,4.307,4.662,-96.217,0.53,5.068,3.929,4.118,3.914
00:01.396,-95.194,9.07,5.672,4.005,4.709,4.938,-95.753,7.85,5.172,3.695,4.702,4.379,-95.17,6.63,5.830,4.342,4.616,4.962,-95.554,5.41,5.408,3.932,4.367,4.578,-95.4,4.19,5.552,4.292,4.512,4.732,-95.26,2.97,5.706,4.072,4.548,4.872,-95.47,1.75,5.682,4.014,4.307,4.662,-96.217,0.53,5.214,3.810,4.118,3.914
00:01.496,-94.443,9.07,5.796,3.919,6.096,5.689,-95.166,7.85,5.310,3.561,4.702,4.966,-94.429,6.63,5.959,4.133,5.994,5.703,-94.885,5.41,5.541,3.814,5.577,5.247,-94.759,4.19,5.684,4.127,5.703,5.373,-94.609,2.97,5.827,3.881,5.831,5.523,-94.714,1.75,5.809,3.838,5.651,5.418,-95.519,0.53,5.353,3.653,4.118,4.609
00:01.596,-93.686,9.07,5.909,3.839,6.096,6.447,-94.405,7.85,5.436,3.438,4.702,5.727,-93.704,6.63,6.077,3.941,5.994,6.429,-94.213,5.41,5.662,3.706,5.577,5.919,-94.069,4.19,5.806,3.976,5.703,6.064,-93.903,2.97,5.938,3.706,5.831,6.230,-93.927,1.75,5.888,3.484,5.651,6.206,-94.733,0.53,5.486,3.535,4.118,5.399
00:01.596,-93.686,9.07,6.006,3.673,6.096,6.447,-94.405,7.85,5.577,3.377,4.702,5.727,-93.704,6.63,6.199,3.836,5.994,6.429,-94.213,5.41,5.779,3.601,5.577,5.919,-94.069,4.19,5.932,3.862,5.703,6.064,-93.903,2.97,6.054,3.596,5.831,6.230,-93.927,1.75,5.981,3.354,5.651,6.206,-94.733,0.53,5.609,3.415,4.118,5.399
00:01.696,-92.912,9.07,6.341,3.661,7.627,7.221,-93.704,7.85,5.936,3.453,6.054,6.429,-92.9,6.63,6.563,3.889,7.550,7.233,-93.476,5.41,6.122,3.645,7.015,6.657,-93.344,4.19,6.291,3.907,7.146,6.789,-93.111,2.97,6.407,3.634,7.371,7.022,-93.095,1.75,6.309,3.362,7.301,7.038,-93.947,0.53,5.952,3.437,5.606,6.182
00:01.796,-92.123,9.07,6.597,3.171,7.627,8.011,-92.992,7.85,6.210,3.019,6.054,7.141,-92.119,6.63,6.832,3.230,7.550,8.015,-92.746,5.41,6.410,3.339,7.015,7.387,-92.604,4.19,6.544,3.210,7.146,7.529,-92.359,2.97,6.685,3.240,7.371,7.774,-92.299,1.75,6.592,3.022,7.301,7.834,-93.216,0.53,6.270,3.307,5.606,6.917
00:01.896,-91.34,9.07,6.835,2.680,9.199,8.794,-92.292,7.85,6.484,2.586,7.468,7.841,-91.293,6.63,7.068,2.571,9.156,8.841,-91.934,5.41,6.684,2.921,8.556,8.200,-91.765,4.19,6.749,2.532,8.727,8.369,-91.526,2.97,6.939,2.920,8.955,8.608,-91.499,1.75,6.845,2.777,8.896,8.635,-92.434,0.53,6.576,3.179,7.123,7.693
00:01.996,-90.563,9.07,7.006,2.316,9.199,9.571,-91.529,7.85,6.723,2.360,7.468,8.605,-90.445,6.63,7.271,2.224,9.156,9.689,-91.15,5.41,6.907,2.656,8.556,8.984,-90.92,4.19,6.939,2.300,8.727,9.214,-90.701,2.97,7.162,2.604,8.955,9.433,-90.728,1.75,7.095,2.640,8.896,9.406,-91.634,0.53,6.842,2.916,7.123,8.500
00:02.096,-89.751,9.07,7.178,1.953,9.199,10.384,-90.775,7.85,6.962,2.135,8.932,9.359,-89.566,6.63,7.474,1.877,9.156,10.569,-90.315,5.41,7.130,2.390,8.556,9.819,-90.098,4.19,7.130,2.068,8.727,10.037,-89.881,2.97,7.385,2.289,8.955,10.254,-89.897,1.75,7.345,2.502,8.896,10.238,-90.847,0.53,7.107,2.653,8.711,9.287
00:02.196,-88.87,9.07,7.351,1.739,10.794,11.265,-89.979,7.85,7.175,1.911,8.932,10.156,-88.721,6.63,7.662,1.612,10.896,11.414,-89.517,5.41,7.321,2.126,10.188,10.618,-89.266,4.19,7.321,1.946,10.405,10.869,-89.011,2.97,7.573,1.954,10.606,11.124,-88.994,1.75,7.559,2.231,10.504,11.141,-90.025,0.53,7.318,2.237,8.711,10.110
00:02.296,-88.079,9.07,7.515,1.690,10.794,12.057,-89.144,7.85,7.371,1.837,10.482,10.991,-87.767,6.63,7.870,1.694,10.896,12.369,-88.795,5.41,7.522,2.147,10.188,11.340,-88.406,4.19,7.525,2.003,10.405,11.729,-88.142,2.97,7.776,1.960,10.606,11.993,-88.144,1.75,7.738,2.017,10.504,11.991,-89.186,0.53,7.498,2.018,10.321,10.949
00:02.396,-87.257,9.07,7.673,1.587,12.468,12.879,-88.331,7.85,7.561,1.684,12.124,11.804,-86.914,6.63,8.077,1.707,12.695,13.222,-87.896,5.41,7.717,2.071,11.708,12.240,-87.55,4.19,7.744,2.117,12.100,12.586,-87.321,2.97,7.995,1.981,12.345,12.815,-87.305,1.75,7.929,1.894,12.257,12.831,-88.342,0.53,7.695,1.909,11.983,11.786
00:02.496,-86.46,9.07,7.841,1.618,12.468,13.676,-87.438,7.85,7.726,1.517,12.124,12.698,-85.983,6.63,8.288,1.737,12.695,14.154,-87.046,5.41,7.898,1.973,11.708,13.090,-86.674,4.19,7.899,1.867,12.100,13.462,-86.411,2.97,8.189,1.866,12.345,13.725,-86.384,1.75,8.153,2.025,12.257,13.752,-87.465,0.53,7.887,1.868,11.983,12.671
00:02.596,-85.567,9.07,8.009,1.648,14.089,14.570,-86.622,7.85,7.890,1.350,13.833,13.514,-85.122,6.63,8.498,1.768,14.480,15.015,-86.19,5.41,8.079,1.875,13.458,13.946,-85.811,4.19,8.053,1.617,13.833,14.326,-85.587,2.97,8.382,1.751,14.076,14.550,-85.544,1.75,8.378,2.156,14.017,14.593,-86.635,0.53,8.062,1.805,13.690,13.494
00:02.696,-84.714,9.07,8.149,1.547,14.089,15.423,-85.669,7.85,8.024,1.162,13.833,14.468,-84.232,6.63,8.655,1.576,14.480,15.905,-85.361,5.41,8.238,1.791,13.458,14.776,-84.891,4.19,8.207,1.590,13.833,15.246,-84.684,2.97,8.535,1.525,14.076,15.453,-84.867,1.75,8.542,1.957,14.017,15.270,-85.774,0.53,8.213,1.628,13.690,14.363
00:02.796,-83.895,9.07,8.257,1.374,15.837,16.243,-84.767,7.85,8.149,1.011,13.833,15.370,-83.3,6.63,8.788,1.374,16.231,16.838,-84.48,5.41,8.380,1.691,15.144,15.650,-83.986,4.19,8.349,1.577,15.619,16.152,-83.795,2.97,8.689,1.416,15.804,16.343,-83.996,1.75,8.675,1.693,15.534,16.142,-84.914,0.53,8.339,1.417,15.418,15.223
00:02.896,-83.043,9.07,8.380,1.237,15.837,17.095,-83.82,7.85,8.289,0.949,15.705,16.318,-82.331,6.63,8.929,1.202,16.231,17.807,-83.557,5.41,8.511,1.506,15.144,16.581,-83.179,4.19,8.529,1.689,15.619,16.959,-82.853,2.97,8.865,1.418,15.804,17.285,-83.089,1.75,8.795,1.369,15.534,17.049,-84.028,0.53,8.465,1.204,15.418,16.110
00:02.996,-82.198,9.07,8.496,1.190,17.507,17.940,-82.984,7.85,8.402,0.889,17.469,17.154,-81.519,6.63,9.048,1.116,18.133,18.620,-82.605,5.41,8.655,1.553,16.948,17.533,-82.361,4.19,8.673,1.616,17.330,17.777,-82.022,2.97,8.995,1.302,17.635,18.109,-82.127,1.75,8.894,1.256,17.312,18.012,-83.15,0.53,8.542,1.077,17.174,16.988
00:03.097,-81.382,9.07,8.598,1.019,17.507,18.757,-82.123,7.85,8.530,0.852,17.469,18.016,-80.572,6.63,9.165,0.967,18.133,19.567,-81.756,5.41,8.797,1.478,16.948,18.383,-81.546,4.19,8.813,1.471,17.330,18.593,-81.113,2.97,9.126,1.157,17.635,19.026,-81.27,1.75,8.981,1.021,17.312,18.869,-82.235,0.53,8.622,0.923,17.174,17.903
00:03.196,-80.63,9.07,8.688,0.932,19.171,19.509,-81.236,7.85,8.651,0.925,19.222,18.903,-79.704,6.63,9.266,0.900,19.893,20.436,-80.88,5.41,8.908,1.350,18.750,19.259,-80.635,4.19,8.918,1.292,18.956,19.504,-80.173,2.97,9.248,1.095,19.377,19.966,-80.291,1.75,9.075,1.008,19.140,19.848,-81.374,0.53,8.721,0.984,18.948,18.757
00:03.296,-79.71,9.07,8.800,0.895,19.171,20.430,-80.384,7.85,8.761,0.836,19.222,19.755,-78.77,6.63,9.357,0.754,19.893,21.370,-80.05,5.41,8.987,1.125,18.750,20.090,-79.78,4.19,8.997,1.078,18.956,20.360,-79.27,2.97,9.338,0.902,19.377,20.870,-79.354,1.75,9.178,1.045,19.140,20.786,-80.483,0.53,8.811,0.974,18.948,19.656
00:03.396,-78.863,9.07,8.912,0.901,20.845,21.277,-79.486,7.85,8.858,0.719,20.976,20.654,-77.895,6.63,9.447,0.607,21.695,22.246,-79.158,5.41,9.065,0.899,20.458,20.982,-78.856,4.19,9.077,0.864,20.730,21.284,-78.317,2.97,9.428,0.710,21.220,21.823,-78.404,1.75,9.281,1.082,21.048,21.736,-79.633,0.53,8.900,1.005,20.689,20.498
00:03.496,-77.987,9.07,8.998,0.733,22.560,22.154,-78.508,7.85,8.952,0.655,20.976,21.632,-76.859,6.63,9.514,0.445,23.589,23.282,-78.16,5.41,9.148,0.856,22.331,21.980,-77.954,4.19,9.164,0.841,22.540,22.187,-77.28,2.97,9.515,0.672,23.202,22.861,-77.533,1.75,9.336,0.863,22.861,22.608,-78.812,0.53,8.961,0.823,20.689,21.320
00:03.596,-77.157,9.07,9.071,0.578,22.560,22.984,-77.605,7.85,9.042,0.607,20.976,22.536,-75.909,6.63,9.578,0.327,23.589,24.233,-77.242,5.41,9.227,0.785,22.331,22.873,-76.987,4.19,9.238,0.738,22.540,23.154,-76.222,2.97,9.578,0.483,23.202,23.919,-76.558,1.75,9.377,0.615,22.861,23.583,-77.898,0.53,9.014,0.659,22.434,22.243
00:03.696,-76.206,9.07,9.150,0.523,24.341,23.935,-76.775,7.85,9.117,0.577,22.864,23.366,-74.833,6.63,9.633,0.250,25.616,25.309,-76.372,5.41,9.294,0.657,24.121,23.769,-76.227,4.19,9.302,0.652,24.269,23.914,-75.329,2.97,9.642,0.388,24.277,24.813,-75.453,1.75,9.421,0.481,24.940,24.689,-76.936,0.53,9.057,0.507,22.434,23.200
00:03.796,-75.236,9.07,9.211,0.433,24.341,24.906,-75.883,7.85,9.175,0.454,22.864,24.259,-73.892,6.63,9.691,0.289,25.616,26.251,-75.417,5.41,9.367,0.620,24.121,24.725,-75.356,4.19,9.342,0.507,24.269,24.786,-74.258,2.97,9.699,0.336,24.277,25.884,-74.467,1.75,9.475,0.493,24.940,25.675,-76.003,0.53,9.106,0.470,22.434,24.139
00:03.896,-74.287,9.07,9.259,0.278,26.260,25.855,-75.013,7.85,9.224,0.375,24.593,25.129,-72.886,6.63,9.748,0.357,27.562,27.257,-74.441,5.41,9.432,0.641,26.052,25.701,-74.349,4.19,9.377,0.386,26.147,25.793,-73.284,2.97,9.740,0.263,26.235,26.859,-73.517,1.75,9.523,0.513,25.942,26.626,-75.098,0.53,9.169,0.556,24.336,25.036
00:03.996,-73.285,9.07,9.316,0.236,26.260,26.858,-74.063,7.85,9.265,0.282,24.593,26.080,-71.891,6.63,9.756,0.155,27.562,28.253,-73.565,5.41,9.475,0.435,26.052,26.578,-73.229,4.19,9.396,0.239,26.147,26.914,-72.171,2.97,9.770,0.185,26.235,27.972,-72.608,1.75,9.580,0.567,25.942,27.535,-74.189,0.53,9.219,0.539,24.336,25.953
00:04.096,-72.257,9.07,9.379,0.286,27.286,27.886,-73.139,7.85,9.272,0.134,26.420,27.004,-70.896,6.63,9.754,0.008,28.600,29.248,-72.579,5.41,9.524,0.369,26.052,27.564,-72.201,4.19,9.407,0.168,27.289,27.942,-71.18,2.97,9.799,0.154,28.322,28.964,-71.599,1.75,9.622,0.517,27.806,28.545,-73.362,0.53,9.262,0.496,26.150,26.781
00:04.196,-71.188,9.07,9.362,-0.154,28.303,28.956,-72.131,7.85,9.283,0.036,26.420,28.013,-69.786,6.63,9.745,-0.130,28.600,30.359,-71.419,5.41,9.576,0.328,27.932,28.725,-71.14,4.19,9.422,0.124,29.356,29.004,-70.1,2.97,9.808,0.028,30.385,30.045,-70.528,1.75,9.655,0.445,29.887,29.616,-72.372,0.53,9.301,0.440,27.959,27.771
00:04.296,-70.219,9.07,9.349,-0.256,29.381,29.925,-71.089,7.85,9.307,0.102,28.359,29.055,-68.741,6.63,9.723,-0.219,31.717,31.404,-70.376,5.41,9.553,-0.023,30.116,29.768,-70.112,4.19,9.477,0.271,30.384,30.033,-69.041,2.97,9.811,-0.030,31.444,31.104,-69.571,1.75,9.620,0.110,29.887,30.574,-71.425,0.53,9.306,0.264,27.959,28.719
00:04.396,-69.097,9.07,9.337,-0.359,29.381,31.048,-70.086,7.85,9.331,0.167,29.401,30.059,-67.601,6.63,9.701,-0.308,31.717,32.545,-69.356,5.41,9.562,-0.036,30.116,30.789,-69.071,4.19,9.534,0.359,30.384,31.074,-67.91,2.97,9.821,-0.020,31.444,32.236,-68.503,1.75,9.589,-0.036,29.887,31.642,-70.356,0.53,9.222,-0.303,27.959,29.788
00:04.496,-68.05,9.07,9.318,-0.452,32.502,32.096,-69.143,7.85,9.357,0.197,31.329,31.002,-66.587,6.63,9.645,-0.503,33.868,33.559,-68.434,5.41,9.605,0.126,31.156,31.711,-68.084,4.19,9.579,0.339,31.435,32.062,-66.941,2.97,9.866,0.157,32.585,33.205,-67.438,1.75,9.562,-0.088,32.967,32.708,-69.337,0.53,9.113,-0.676,29.992,30.799
00:04.596,-66.933,9.07,9.374,-0.088,32.502,33.213,-68.181,7.85,9.396,0.289,31.329,31.964,-65.477,6.63,9.599,-0.530,33.868,34.670,-67.404,5.41,9.648,0.288,31.156,32.742,-67.1,4.19,9.628,0.325,31.435,33.046,-65.959,2.97,9.933,0.327,32.585,34.188,-66.403,1.75,9.565,-0.015,32.967,33.743,-68.281,0.53,9.030,-0.729,29.992,31.864
00:04.696,-65.996,9.07,9.370,-0.160,33.629,34.151,-67.194,7.85,9.427,0.277,31.329,32.952,-64.528,6.63,9.565,-0.467,34.994,35.619,-66.384,5.41,9.681,0.294,33.107,33.762,-66.003,4.19,9.663,0.255,34.493,34.144,-64.843,2.97,9.958,0.205,35.642,35.304,-65.456,1.75,9.550,-0.044,34.026,34.691,-67.395,0.53,8.964,-0.663,32.058,32.751
00:04.796,-64.971,9.07,9.388,-0.119,35.581,35.176,-66.182,7.85,9.414,0.038,33.297,33.964,-63.514,6.63,9.498,-0.612,36.937,36.634,-65.398,5.41,9.749,0.383,34.127,34.749,-65.025,4.19,9.664,0.048,34.493,35.122,-63.904,2.97,9.955,0.010,35.642,36.244,-64.535,1.75,9.557,0.049,35.892,35.612,-66.47,0.53,8.986,-0.172,33.851,33.667
00:04.896,-64.011,9.07,9.413,-0.024,35.581,36.137,-65.215,7.85,9.393,-0.119,33.297,34.932,-62.602,6.63,9.511,0.106,36.937,37.546,-64.51,5.41,9.788,0.285,34.127,35.637,-64.091,4.19,9.645,-0.149,34.493,36.057,-62.927,2.97,9.973,0.017,35.642,37.221,-63.598,1.75,9.537,-0.035,35.892,36.550,-65.557,0.53,9.072,0.478,33.851,34.590
00:04.996,-63.058,9.07,9.435,0.002,37.496,37.090,-64.285,7.85,9.389,-0.177,35.267,35.862,-61.518,6.63,9.580,0.748,38.933,38.631,-63.431,5.41,9.833,0.232,37.063,36.717,-63.162,4.19,9.664,-0.111,36.425,36.986,-61.952,2.97,10.016,0.141,37.568,38.197,-62.585,1.75,9.489,-0.220,37.844,37.563,-64.573,0.53,9.177,0.800,35.751,35.565
00:05.096,-62.112,9.07,9.482,0.065,37.496,38.037,-63.303,7.85,9.415,-0.074,35.267,36.845,-60.533,6.63,9.652,0.673,38.933,39.616,-62.316,5.41,9.849,0.191,37.063,37.832,-62.185,4.19,9.732,0.209,36.425,37.963,-61.032,2.97,10.055,0.219,37.568,39.117,-61.601,1.75,9.436,-0.427,37.844,38.548,-63.543,0.53,9.231,0.654,35.751,36.605
00:05.196,-61.085,9.07,9.513,0.150,37.496,39.064,-62.4,7.85,9.440,-0.021,37.179,37.748,-59.738,6.63,9.695,0.497,39.938,40.412,-61.472,5.41,9.831,0.024,38.197,38.677,-61.324,4.19,9.722,-0.037,38.331,38.825,-60.13,2.97,10.067,0.167,39.463,40.020,-60.759,1.75,9.389,-0.479,37.844,39.390,-62.58,0.53,9.223,0.301,36.799,37.568
00:05.296,-60.166,9.07,9.560,0.050,39.481,39.983,-61.502,7.85,9.502,0.175,37.179,38.647,-58.823,6.63,9.697,0.192,39.938,41.327,-60.463,5.41,9.893,0.491,38.197,39.686,-60.38,4.19,9.652,-0.529,38.331,39.769,-59.15,2.97,10.088,0.183,39.463,41.000,-59.822,1.75,9.414,-0.140,39.698,40.328,-61.628,0.53,9.186,-0.023,36.799,38.521
00:05.396,-59.619,9.07,9.577,-0.147,40.942,40.531,-60.571,7.85,9.550,0.206,38.980,39.578,-57.945,6.63,9.696,0.024,41.652,42.197,-59.458,5.41,9.970,0.620,40.051,40.692,-59.439,4.19,9.550,-0.930,40.126,40.711,-58.289,2.97,10.077,0.029,41.355,41.861,-58.942,1.75,9.505,0.365,41.499,41.208,-60.686,0.53,9.214,0.138,38.724,39.463
00:05.496,-58.747,9.07,9.572,-0.353,40.942,41.403,-59.623,7.85,9.580,0.193,40.850,40.527,-57.199,6.63,9.687,-0.109,43.257,42.943,-58.724,5.41,9.952,0.225,41.776,41.426,-58.433,4.19,9.446,-1.092,42.063,41.717,-57.45,2.97,10.042,-0.170,43.036,42.701,-58.202,1.75,9.553,0.407,41.499,41.948,-59.87,0.53,9.303,0.484,40.463,40.280
00:05.596,-58.063,9.07,9.541,-0.587,40.942,42.088,-58.68,7.85,9.556,-0.080,40.850,41.470,-56.537,6.63,9.647,-0.329,43.257,43.614,-57.772,5.41,9.899,-0.142,41.776,42.379,-57.468,4.19,9.306,-1.350,42.063,42.674,-56.488,2.97,9.948,-0.560,43.036,43.663,-57.404,1.75,9.580,0.330,41.499,42.747,-59.414,0.53,9.342,0.403,40.463,40.736
00:05.696,-56.944,9.07,9.590,-0.299,42.507,43.207,-57.673,7.85,9.524,-0.323,40.850,42.478,-55.738,6.63,9.607,-0.549,43.257,44.414,-56.713,5.41,9.850,-0.440,41.776,43.438,-56.478,4.19,9.166,-1.594,42.063,43.663,-55.35,2.97,9.840,-1.005,43.036,44.802,-56.481,1.75,9.592,0.169,43.060,43.670,-58.877,0.53,9.377,0.342,40.463,41.273
00:05.796,-56.192,9.07,9.608,-0.251,43.626,43.959,-56.73,7.85,9.514,-0.299,42.810,43.421,-54.901,6.63,9.540,-0.733,44.745,45.251,-55.79,5.41,9.774,-0.725,43.806,44.362,-55.484,4.19,9.079,-1.450,44.028,44.668,-54.21,2.97,9.837,-0.646,45.146,45.942,-55.464,1.75,9.636,0.247,43.060,44.688,-58.149,0.53,9.411,0.354,41.494,42.002
00:05.896,-55.263,9.07,9.622,-0.385,43.626,44.889,-55.756,7.85,9.506,-0.277,42.810,44.396,-54.097,6.63,9.393,-1.653,44.745,46.056,-54.662,5.41,9.677,-0.673,43.806,45.490,-54.518,4.19,9.057,-1.245,45.033,45.634,-53.31,2.97,9.806,-0.617,46.286,46.843,-54.596,1.75,9.650,0.052,45.000,45.556,-57.419,0.53,9.385,0.036,41.494,42.732
00:05.996,-54.33,9.07,9.659,-0.288,45.307,45.822,-54.918,7.85,9.486,-0.341,44.727,45.224,-53.302,6.63,9.284,-1.788,46.391,46.851,-53.491,5.41,9.633,-0.375,45.857,46.662,-53.691,4.19,9.103,-0.486,45.033,46.462,-52.344,2.97,9.756,-0.736,48.147,47.809,-53.653,1.75,9.665,-0.011,46.810,46.500,-56.298,0.53,9.300,-0.394,42.962,43.853
00:06.097,-53.375,9.07,9.626,-0.594,45.307,46.778,-54.097,7.85,9.471,-0.346,44.727,46.056,-51.731,6.63,9.258,-1.431,46.391,48.423,-52.574,5.41,9.590,-0.227,47.029,47.579,-52.808,4.19,9.129,-0.525,46.828,47.345,-51.18,2.97,9.789,-0.385,48.147,48.974,-52.793,1.75,9.730,0.198,46.810,47.360,-54.914,0.53,9.264,-0.326,42.962,45.238
00:06.196,-52.401,9.07,9.590,-0.739,47.195,47.752,-53.09,7.85,9.435,-0.475,46.386,47.063,-50.371,6.63,9.311,-0.744,48.757,49.783,-51.763,5.41,9.604,0.148,47.029,48.391,-51.852,4.19,9.140,-0.601,46.828,48.302,-50.13,2.97,9.765,-0.444,49.321,50.025,-51.881,1.75,9.795,0.366,46.810,48.273,-53.696,0.53,9.247,-0.154,45.467,46.457
00:06.296,-51.295,9.07,9.596,-0.641,49.267,48.859,-52.133,7.85,9.389,-0.589,47.394,48.021,-49.199,6.63,9.438,-0.186,51.290,50.956,-50.781,5.41,9.646,0.419,48.757,49.373,-50.748,4.19,9.255,-0.105,49.754,49.406,-49.086,2.97,9.794,-0.243,51.405,51.069,-51.001,1.75,9.811,0.164,48.592,49.153,-52.773,0.53,9.286,0.185,46.689,47.380
00:06.396,-49.988,9.07,9.609,-0.522,49.267,50.167,-51.154,7.85,9.357,-0.555,47.394,49.000,-48.195,6.63,9.507,-0.217,51.290,51.960,-49.925,5.41,9.727,0.711,48.757,50.230,-49.943,4.19,9.381,0.194,49.754,50.202,-48.09,2.97,9.823,-0.148,51.405,52.066,-50.168,1.75,9.777,-0.185,48.592,49.986,-52.039,0.53,9.337,0.410,46.689,48.115
00:06.496,-49.031,9.07,9.612,-0.516,50.583,51.124,-50.053,7.85,9.332,-0.508,50.422,50.102,-47.305,6.63,9.625,0.024,52.304,52.851,-48.428,5.41,9.831,1.232,52.091,51.727,-49.338,4.19,9.523,0.518,51.165,50.817,-47.022,2.97,9.861,-0.047,53.469,53.134,-48.95,1.75,9.772,-0.381,51.518,51.205,-51.289,0.53,9.394,0.715,48.356,48.865
00:06.596,-48.046,9.07,9.606,-0.570,52.516,52.110,-49.01,7.85,9.350,-0.349,51.465,51.145,-46.288,6.63,9.725,0.146,54.213,53.868,-47.394,5.41,9.875,1.242,53.126,52.762,-48.544,4.19,9.631,0.662,51.165,51.611,-46.025,2.97,9.900,0.019,53.469,54.132,-47.644,1.75,9.771,-0.370,52.835,52.512,-50.141,0.53,9.447,0.699,50.251,50.014
00:06.696,-47.213,9.07,9.673,-0.159,52.516,52.943,-48.154,7.85,9.361,-0.307,51.465,52.002,-45.239,6.63,9.838,0.272,54.213,54.918,-46.508,5.41,9.942,1.358,53.126,53.648,-47.759,4.19,9.741,0.745,51.165,52.397,-45.125,2.97,9.926,-0.011,53.469,55.032,-46.529,1.75,9.752,-0.451,52.835,53.627,-48.813,0.53,9.440,0.396,50.251,51.342
00:06.796,-45.897,9.07,9.733,-0.098,52.516,54.260,-47.26,7.85,9.367,-0.299,51.465,52.896,-44.371,6.63,9.979,0.497,54.213,55.786,-45.682,5.41,10.059,1.730,53.126,54.475,-47.169,4.19,9.837,0.756,52.765,52.987,-44.434,2.97,9.966,-0.019,55.376,55.723,-45.554,1.75,9.766,-0.401,53.960,54.603,-47.896,0.53,9.462,0.212,51.590,52.260
00:06.896,-44.821,9.07,9.774,-0.110,54.677,55.336,-46.286,7.85,9.402,-0.160,53.224,53.870,-43.555,6.63,10.040,0.601,56.139,56.603,-45.039,5.41,10.127,1.616,54.861,55.118,-46.271,4.19,9.853,0.412,52.765,53.885,-43.146,2.97,10.001,-0.023,55.376,57.002,-44.31,1.75,9.843,0.028,53.960,55.847,-46.749,0.53,9.517,0.466,51.590,53.407
00:06.996,-43.551,9.07,9.833,-0.025,55.754,56.607,-45.364,7.85,9.423,-0.230,53.224,54.793,-41.909,6.63,10.181,1.209,56.139,58.250,-44.519,5.41,10.178,1.475,54.861,55.638,-45.099,4.19,9.834,0.149,54.258,55.058,-42.268,2.97,10.024,-0.090,57.355,57.890,-43.125,1.75,9.926,0.271,56.180,57.033,-45.742,0.53,9.634,0.869,53.654,54.415
00:07.096,-42.56,9.07,9.817,-0.363,57.027,57.598,-44.366,7.85,9.429,-0.362,55.175,55.791,-41.909,6.63,10.313,1.648,58.250,58.250,-43.666,5.41,10.236,1.375,56.026,56.447,-44.163,4.19,9.812,0.001,55.430,55.994,-41.322,2.97,9.979,-0.465,59.169,58.837,-42.144,1.75,9.960,0.154,57.367,58.015,-44.915,0.53,9.743,1.028,54.661,55.242
00:07.196,-41.439,9.07,9.866,-0.203,57.027,58.720,-43.466,7.85,9.435,-0.433,55.175,56.692,-41.051,6.63,10.399,1.646,59.108,59.108,-42.641,5.41,10.307,1.403,56.026,57.517,-42.491,4.19,9.795,-0.100,55.430,57.667,-40.404,2.97,9.999,-0.322,59.169,59.755,-41.152,1.75,10.005,0.145,57.367,59.007,-44.395,0.53,9.899,1.345,56.012,55.762
00:07.296,-40.675,9.07,9.933,-0.104,59.143,59.484,-42.478,7.85,9.477,-0.286,57.019,57.680,-39.894,6.63,10.409,1.305,60.257,60.266,-41.765,5.41,10.238,0.964,57.914,58.394,-41.655,4.19,9.798,0.028,58.031,58.504,-39.178,2.97,10.012,-0.288,59.169,60.982,-39.95,1.75,10.047,0.126,59.344,60.210,-43.425,0.53,9.963,1.029,56.012,56.733
00:07.396,-39.753,9.07,9.971,-0.239,59.143,60.407,-41.628,7.85,9.519,-0.218,57.019,58.531,-38.468,6.63,10.364,0.659,61.414,61.692,-40.586,5.41,10.194,0.866,57.914,59.573,-40.66,4.19,9.794,0.054,59.853,59.499,-38.377,2.97,9.996,-0.416,61.323,61.783,-38.826,1.75,10.112,0.237,61.659,61.334,-42.489,0.53,9.993,0.614,57.925,57.669
00:07.496,-38.709,9.07,9.993,-0.416,61.870,61.451,-40.848,7.85,9.560,-0.150,58.858,59.311,-36.983,6.63,10.243,0.013,64.318,63.177,-39.348,5.41,10.150,0.769,61.158,60.812,-39.17,4.19,9.790,0.080,61.342,60.990,-37.209,2.97,9.985,-0.445,63.282,62.951,-37.905,1.75,10.174,0.306,61.659,62.255,-41.225,0.53,9.920,-0.008,59.135,58.934
00:07.596,-37.69,9.07,9.985,-0.616,62.889,62.470,-39.943,7.85,9.556,-0.290,60.537,60.217,-35.931,6.63,10.161,0.232,65.370,64.229,-38.055,5.41,10.150,0.819,62.468,62.105,-37.908,4.19,9.790,0.119,62.606,62.252,-36.221,2.97,9.959,-0.530,63.282,63.939,-37.128,1.75,10.240,0.362,63.358,63.032,-40.026,0.53,9.898,-0.162,60.328,60.134
00:07.696,-36.738,9.07,10.000,-0.675,62.889,63.422,-38.899,7.85,9.550,-0.330,60.537,61.261,-34.93,6.63,10.143,0.483,65.370,65.230,-37.139,5.41,10.137,0.879,62.468,63.021,-37.049,4.19,9.820,0.297,62.606,63.111,-35.224,2.97,9.959,-0.432,63.282,64.926,-36.246,1.75,10.301,0.383,63.358,63.914,-38.848,0.53,9.967,0.255,60.328,61.312
00:07.796,-35.762,9.07,9.998,-0.550,64.819,64.398,-37.932,7.85,9.514,-0.479,61.591,62.228,-33.717,6.63,10.200,0.985,67.586,66.443,-36.023,5.41,10.062,0.418,64.515,64.137,-35.715,4.19,9.879,0.530,64.799,64.445,-34.133,2.97,9.964,-0.358,66.358,66.027,-35.294,1.75,10.293,0.044,65.192,64.866,-37.823,0.53,10.047,0.517,62.595,62.337
00:07.896,-34.819,9.07,9.996,-0.469,64.819,65.341,-36.992,7.85,9.467,-0.604,61.591,63.168,-32.534,6.63,10.247,1.183,67.586,67.626,-34.816,5.41,9.995,0.410,64.515,65.344,-34.493,4.19,9.939,0.649,64.799,65.667,-33.238,2.97,9.958,-0.375,66.358,66.922,-34.503,1.75,10.208,-0.506,65.192,65.657,-37.045,0.53,10.055,0.287,62.595,63.115
00:07.996,-33.954,9.07,9.979,-0.462,64.819,66.206,-35.895,7.85,9.426,-0.691,63.497,64.265,-32.284,6.63,10.252,1.076,68.780,67.876,-33.621,5.41,9.965,0.590,65.742,66.539,-33.604,4.19,9.991,0.673,66.031,66.556,-32.243,2.97,9.945,-0.421,66.358,67.907,-33.748,1.75,10.118,-0.809,65.192,66.412,-36.228,0.53,9.964,-0.319,62.595,63.932
00:08.096,-33.073,9.07,10.014,-0.199,66.637,67.087,-34.82,7.85,9.430,-0.508,64.595,65.340,-31.214,6.63,10.254,1.010,68.780,68.946,-32.633,5.41,10.010,1.053,66.937,67.527,-32.715,4.19,10.103,0.984,66.031,67.445,-31.213,2.97,10.003,-0.090,68.258,68.947,-32.553,1.75,10.088,-0.659,66.752,67.607,-35.453,0.53,9.952,-0.232,64.200,64.707
00:08.196,-32.185,9.07,9.970,-0.457,66.637,67.975,-33.889,7.85,9.439,-0.392,65.674,66.271,-29.905,6.63,10.282,1.187,70.101,70.255,-31.489,5.41,10.063,1.459,66.937,68.671,-31.818,4.19,10.221,1.278,67.810,68.342,-30.05,2.97,10.059,0.245,69.288,70.110,-31.41,1.75,10.067,-0.496,67.947,68.750,-34.485,0.53,9.897,-0.399,64.200,65.675
00:08.296,-31.147,9.07,9.906,-0.668,68.413,69.013,-32.934,7.85,9.427,-0.437,65.674,67.226,-28.968,6.63,10.342,1.435,71.411,71.192,-30.339,5.41,10.145,1.802,69.070,69.821,-30.879,4.19,10.297,1.220,67.810,69.271,-29.196,2.97,10.020,-0.123,70.452,70.964,-30.425,1.75,10.010,-0.588,69.095,69.735,-33.507,0.53,9.840,-0.541,65.952,66.653
00:08.396,-30.035,9.07,9.855,-0.605,69.451,70.125,-31.903,7.85,9.419,-0.430,67.559,68.257,-28.397,6.63,10.477,2.377,71.411,71.763,-29.54,5.41,10.240,1.804,70.220,70.620,-30.048,4.19,10.313,1.104,69.646,70.112,-28.078,2.97,10.009,-0.115,70.452,72.082,-29.421,1.75,9.987,-0.417,69.095,70.739,-32.268,0.53,9.826,-0.414,65.952,67.892
00:08.496,-28.921,9.07,9.795,-0.612,71.684,71.239,-30.9,7.85,9.430,-0.331,68.591,69.260,-27.732,6.63,10.564,2.501,72.920,72.428,-28.629,5.41,10.271,1.487,71.908,71.531,-29.113,4.19,10.226,0.213,71.402,71.047,-27.099,2.97,10.025,0.019,72.424,73.061,-28.382,1.75,9.986,-0.216,72.113,71.778,-31.239,0.53,9.915,0.193,69.179,68.921
00:08.596,-27.988,9.07,9.804,-0.284,71.684,72.172,-29.968,7.85,9.428,-0.321,70.517,70.192,-26.694,6.63,10.571,2.088,74.613,73.466,-27.752,5.41,10.308,1.349,71.908,72.408,-28.259,4.19,10.171,0.199,71.402,71.901,-26.047,2.97,9.982,-0.166,74.446,74.113,-27.297,1.75,9.952,-0.259,73.198,72.863,-29.952,0.53,9.962,0.284,70.467,70.208
00:08.696,-26.996,9.07,9.823,-0.068,71.684,73.164,-29.079,7.85,9.463,-0.138,70.517,71.081,-25.595,6.63,10.502,1.425,74.613,74.565,-26.78,5.41,10.308,1.099,71.908,73.380,-27.125,4.19,10.137,0.295,71.402,73.035,-25.105,2.97,9.998,0.036,74.446,75.055,-26.241,1.75,9.908,-0.328,73.198,73.919,-29.124,0.53,9.967,0.109,70.467,71.036
00:08.796,-25.989,9.07,9.826,-0.034,73.620,74.171,-28.198,7.85,9.531,0.066,70.517,71.962,-24.401,6.63,10.347,0.739,75.722,75.759,-26.034,5.41,10.267,0.759,73.778,74.126,-26.235,4.19,10.022,-0.053,73.410,73.925,-24.099,2.97,9.959,-0.146,74.446,76.061,-25.234,1.75,9.900,-0.185,74.264,74.926,-28.101,0.53,9.926,-0.206,70.467,72.059
00:08.896,-24.882,9.07,9.802,-0.153,74.629,75.278,-27.253,7.85,9.570,0.022,72.296,72.907,-23.388,6.63,10.236,0.620,76.916,76.772,-25.134,5.41,10.183,0.377,73.778,75.026,-25.208,4.19,9.906,-0.180,73.410,74.952,-23.047,2.97,9.931,-0.179,76.404,77.113,-24.233,1.75,9.935,0.101,75.271,75.927,-26.982,0.53,9.859,-0.495,73.437,73.178
00:08.996,-23.917,9.07,9.778,-0.271,75.741,76.243,-26.299,7.85,9.609,-0.023,72.296,73.861,-22.167,6.63,10.126,0.501,77.939,77.993,-24.171,5.41,10.099,-0.006,75.438,75.989,-24.383,4.19,9.794,-0.321,75.331,75.777,-21.954,2.97,9.912,-0.159,77.466,78.206,-23.212,1.75,9.959,0.358,75.271,76.948,-26.006,0.53,9.808,-0.720,73.437,74.154
00:09.096,-22.893,9.07,9.776,-0.239,75.741,77.267,-25.397,7.85,9.604,-0.165,74.197,74.763,-21.06,6.63,10.061,0.564,79.151,79.100,-23.192,5.41,10.034,-0.118,75.438,76.968,-23.44,4.19,9.696,-0.472,75.331,76.720,-20.998,2.97,9.871,-0.265,78.560,79.162,-22.308,1.75,9.961,0.280,77.304,77.852,-25.02,0.53,9.733,-0.806,73.437,75.140
00:09.196,-21.953,9.07,9.780,-0.180,77.730,78.207,-24.452,7.85,9.603,-0.242,76.035,75.708,-20.101,6.63,9.990,0.615,80.258,80.059,-22.27,5.41,9.944,-0.363,77.371,77.890,-22.531,4.19,9.593,-0.590,77.089,77.629,-20.14,2.97,9.862,-0.178,80.353,80.020,-21.436,1.75,9.989,0.318,79.060,78.724,-24.163,0.53,9.722,-0.590,75.419,75.997
00:09.296,-20.909,9.07,9.770,-0.192,79.712,79.251,-23.48,7.85,9.590,-0.303,76.035,76.680,-19.233,6.63,9.908,0.575,82.075,80.927,-21.145,5.41,9.859,-0.501,79.398,79.015,-21.512,4.19,9.493,-0.649,79.009,78.648,-19.138,2.97,9.865,-0.008,81.355,81.022,-20.383,1.75,10.028,0.482,80.114,79.777,-23.083,0.53,9.706,-0.309,77.336,77.077
00:09.396,-19.955,9.07,9.780,-0.131,79.712,80.205,-22.542,7.85,9.549,-0.497,76.035,77.618,-18.153,6.63,9.905,0.657,82.075,82.007,-20.085,5.41,9.804,-0.381,79.398,80.075,-20.516,4.19,9.473,-0.315,79.009,79.644,-18.176,2.97,9.854,0.014,81.355,81.984,-19.355,1.75,10.009,0.192,80.114,80.805,-22.178,0.53,9.734,-0.113,77.336,77.982
00:09.496,-19.04,9.07,9.804,-0.010,81.581,81.120,-21.648,7.85,9.524,-0.432,77.957,78.512,-17.094,6.63,9.830,0.248,84.204,83.056,-19.154,5.41,9.744,-0.394,80.480,81.006,-19.53,4.19,9.487,-0.039,80.014,80.630,-17.29,2.97,9.792,-0.204,83.203,82.870,-18.342,1.75,9.962,-0.090,81.162,81.818,-21.234,0.53,9.728,-0.193,79.185,78.926
00:09.596,-18.064,9.07,9.819,-0.001,81.581,82.096,-20.703,7.85,9.493,-0.401,77.957,79.457,-16.096,6.63,9.760,-0.119,84.204,84.064,-18.202,5.41,9.675,-0.442,80.480,81.958,-18.524,4.19,9.483,0.008,81.996,81.636,-16.363,2.97,9.780,-0.063,83.203,83.797,-17.321,1.75,9.938,-0.115,83.176,82.839,-20.368,0.53,9.707,-0.301,79.185,79.792
00:09.696,-17.111,9.07,9.804,-0.166,81.581,83.049,-19.728,7.85,9.469,-0.364,79.806,80.432,-15.194,6.63,9.722,-0.140,85.232,84.966,-17.212,5.41,9.601,-0.508,82.362,82.948,-17.647,4.19,9.487,0.126,81.996,82.513,-15.342,2.97,9.748,-0.096,85.152,84.818,-16.271,1.75,9.913,-0.127,84.225,83.889,-19.358,0.53,9.634,-0.615,81.071,80.802
00:09.796,-16.114,9.07,9.736,-0.410,83.537,84.046,-18.702,7.85,9.407,-0.518,79.806,81.458,-14.214,6.63,9.759,0.193,85.232,85.946,-16.13,5.41,9.607,-0.315,82.362,84.030,-16.692,4.19,9.503,0.176,81.996,83.468,-14.347,2.97,9.728,-0.026,85.152,85.813,-15.286,1.75,9.885,-0.159,84.225,84.874,-18.383,0.53,9.574,-0.695,81.071,81.777
00:09.896,-15.165,9.07,9.716,-0.253,83.537,84.995,-17.644,7.85,9.372,-0.421,81.800,82.516,-13.199,6.63,9.786,0.134,87.104,86.961,-15.132,5.41,9.613,-0.178,84.435,85.028,-15.853,4.19,9.522,0.252,83.849,84.307,-13.39,2.97,9.699,-0.035,86.156,86.770,-14.256,1.75,9.843,-0.230,84.225,85.904,-17.539,0.53,9.465,-0.985,81.071,82.621
00:09.996,-14.141,9.07,9.702,-0.122,85.465,86.019,-16.643,7.85,9.349,-0.281,82.869,83.517,-12.293,6.63,9.824,0.091,88.119,87.867,-14.128,5.41,9.618,-0.032,84.435,86.032,-14.841,4.19,9.543,0.337,83.849,85.319,-12.449,2.97,9.653,-0.140,86.156,87.711,-13.278,1.75,9.807,-0.270,86.253,86.882,-16.544,0.53,9.427,-0.775,82.890,83.616
00:10.096,-13.25,9.07,9.690,-0.004,86.489,86.910,-15.714,7.85,9.342,-0.095,83.881,84.446,-11.35,6.63,9.819,-0.099,89.905,88.810,-13.126,5.41,9.607,-0.046,86.448,87.034,-13.815,4.19,9.511,0.126,85.699,86.345,-11.5,2.97,9.625,-0.144,88.064,88.660,-12.316,1.75,9.771,-0.274,88.193,87.844,-15.539,0.53,9.389,-0.564,83.895,84.611
00:10.196,-12.258,9.07,9.619,-0.244,86.489,87.902,-14.759,7.85,9.334,-0.055,83.881,85.401,-10.43,6.63,9.759,-0.292,89.905,89.730,-12.188,5.41,9.618,-0.046,86.448,87.972,-12.854,4.19,9.490,0.069,85.699,87.306,-10.508,2.97,9.581,-0.233,88.064,89.652,-11.372,1.75,9.749,-0.225,88.193,88.788,-14.551,0.53,9.328,-0.618,83.895,85.609
00:10.296,-11.287,9.07,9.564,-0.332,88.373,88.873,-13.819,7.85,9.325,-0.065,85.757,86.341,-9.374,6.63,9.586,-1.440,91.926,90.786,-11.293,5.41,9.606,-0.152,88.378,88.867,-11.934,4.19,9.488,0.136,87.677,88.226,-9.582,2.97,9.443,-1.259,89.995,90.578,-10.481,1.75,9.645,-1.184,90.022,89.679,-13.715,0.53,9.291,-0.513,85.870,86.445
00:10.396,-10.344,9.07,9.445,-1.203,88.373,89.816,-12.937,7.85,9.328,-0.003,85.757,87.223,-8.465,6.63,9.339,-2.210,91.926,91.695,-10.343,5.41,9.501,-1.152,88.378,89.817,-11.023,4.19,9.428,-0.115,87.677,89.137,-8.624,2.97,9.246,-1.898,89.995,91.536,-9.527,1.75,9.485,-1.973,90.022,90.633,-12.819,0.53,9.265,-0.408,85.870,87.341
00:10.496,-9.429,9.07,9.261,-1.998,90.288,90.731,-12.014,7.85,9.327,0.023,87.579,88.146,-7.485,6.63,9.044,-2.778,93.821,92.675,-9.391,5.41,9.323,-2.069,90.224,90.769,-10.031,4.19,9.372,-0.363,89.517,90.129,-7.617,2.97,8.999,-2.417,91.879,92.543,-8.557,1.75,9.262,-2.735,91.946,91.603,-11.924,0.53,9.268,-0.187,87.610,88.236
00:10.596,-8.482,9.07,8.984,-2.934,90.288,91.678,-11.099,7.85,9.313,-0.029,87.579,89.061,-6.66,6.63,8.704,-3.002,93.821,93.500,-8.359,5.41,9.027,-3.156,90.224,91.801,-9.123,4.19,9.215,-1.351,89.517,91.037,-6.716,2.97,8.658,-2.857,91.879,93.444,-7.625,1.75,8.932,-3.460,91.946,92.535,-11.011,0.53,9.219,-0.351,87.610,89.149
00:10.696,-7.511,9.07,8.627,-3.654,92.120,92.649,-10.162,7.85,9.297,-0.063,89.416,89.998,-5.729,6.63,8.308,-3.295,95.576,94.431,-7.417,5.41,8.651,-3.963,92.208,92.743,-8.13,4.19,8.973,-2.260,92.406,92.030,-5.795,2.97,8.284,-3.129,93.787,94.365,-6.661,1.75,8.551,-3.971,93.843,93.499,-10.148,0.53,9.189,-0.385,89.419,90.012
00:10.797,-6.613,9.07,8.262,-3.829,94.011,93.547,-9.265,7.85,9.212,-0.934,91.243,90.895,-4.792,6.63,7.898,-3.431,95.576,95.368,-6.46,5.41,8.269,-4.185,94.087,93.700,-7.247,4.19,8.649,-2.705,92.406,92.913,-4.846,2.97,7.916,-3.144,95.647,95.314,-5.679,1.75,8.152,-4.178,93.843,94.481,-9.259,0.53,9.082,-1.247,91.153,90.901
00:10.897,-5.728,9.07,8.207,-3.963,94.011,94.432,-8.484,7.85,9.207,-0.975,91.243,91.676,-3.903,6.63,7.802,-3.567,95.576,96.257,-5.535,5.41,8.210,-4.296,94.087,94.625,-6.279,4.19,8.595,-2.862,92.406,93.881,-3.861,2.97,7.860,-3.232,95.647,96.299,-4.735,1.75,8.069,-4.386,93.843,95.425,-8.34,0.53,9.082,-1.188,91.153,91.820
00:10.996,-4.862,9.07,8.148,-4.116,94.011,95.298,-7.642,7.85,9.193,-1.064,91.243,92.518,-2.992,6.63,7.723,-3.589,97.424,97.168,-4.654,5.41,8.141,-4.473,94.087,95.506,-5.421,4.19,8.561,-2.883,94.268,94.739,-2.925,2.97,7.779,-3.454,96.651,97.235,-3.798,1.75,7.971,-4.631,95.790,96.362,-7.435,0.53,9.058,-1.304,91.153,92.725
00:11.096,-3.838,9.07,8.084,-4.282,96.791,96.322,-6.726,7.85,9.177,-1.162,92.887,93.434,-1.993,6.63,7.637,-3.614,99.317,98.167,-3.718,5.41,8.066,-4.666,95.913,96.442,-4.465,4.19,8.525,-2.907,96.074,95.695,-1.956,2.97,7.690,-3.696,98.538,98.204,-2.841,1.75,7.864,-4.898,97.664,97.319,-6.531,0.53,9.032,-1.430,92.995,93.629
00:11.197,-2.856,9.07,8.004,-4.522,96.791,97.304,-5.786,7.85,9.143,-1.328,94.734,94.374,-0.989,6.63,7.539,-3.735,100.326,99.171,-2.803,5.41,7.957,-5.015,97.744,97.357,-3.526,4.19,8.478,-3.019,96.074,96.634,-1.083,2.97,7.588,-3.934,98.538,99.077,-1.859,1.75,7.757,-5.111,97.664,98.301,-5.622,0.53,9.031,-1.377,94.791,94.538
00:11.297,-2.069,9.07,7.907,-4.820,96.791,98.091,-4.884,7.85,9.094,-1.439,94.734,95.276,-0.16,6.63,7.441,-3.823,100.326,100.000,-1.932,5.41,7.849,-5.268,97.744,98.228,-2.603,4.19,8.428,-3.228,96.074,97.557,-0.16,2.97,7.490,-4.094,98.538,100.000,-0.907,1.75,7.645,-5.330,97.664,99.253,-4.71,0.53,9.008,-1.495,94.791,95.450
00:11.396,-1.123,9.07,7.828,-4.976,98.579,99.037,-3.955,7.85,9.062,-1.428,94.734,96.205,-0.16,6.63,7.350,-3.893,100.326,100.000,-1.034,5.41,7.735,-5.520,97.744,99.126,-1.686,4.19,8.361,-3.491,97.955,98.474,-0.16,2.97,7.383,-4.280,98.538,100.000,-0.16,1.75,7.528,-5.553,99.608,100.000,-3.82,0.53,8.979,-1.613,94.791,96.340
00:11.496,-0.198,9.07,7.739,-5.150,98.579,99.962,-3.042,7.85,9.026,-1.416,96.574,97.118,-0.16,6.63,7.248,-3.970,100.326,100.000,-0.16,5.41,7.608,-5.801,99.532,100.000,-0.802,4.19,8.280,-3.764,99.737,99.358,-0.16,2.97,7.253,-4.559,98.538,100.000,-0.16,1.75,7.413,-5.761,99.608,100.000,-2.863,0.53,8.925,-1.832,96.611,97.297
00:11.596,-0.16,9.07,7.623,-5.478,100.459,100.000,-2.097,7.85,8.998,-1.418,96.574,98.063,-0.16,6.63,7.090,-4.338,100.326,100.000,-0.16,5.41,7.509,-5.958,99.532,100.000,-0.16,4.19,8.207,-3.936,99.737,100.000,-0.16,2.97,7.121,-4.780,98.538,100.000,-0.16,1.75,7.305,-5.942,99.608,100.000,-1.916,0.53,8.915,-1.761,98.506,98.244
00:11.696,-0.16,9.07,7.493,-5.848,100.459,100.000,-1.192,7.85,8.967,-1.420,98.442,98.968,-0.16,6.63,6.912,-4.752,100.326,100.000,-0.16,5.41,7.398,-6.134,99.532,100.000,-0.16,4.19,8.126,-4.129,99.737,100.000,-0.16,2.97,6.973,-5.030,98.538,100.000,-0.16,1.75,7.183,-6.147,99.608,100.000,-0.979,0.53,8.903,-1.681,98.506,99.181
00:11.796,-0.16,9.07,7.369,-6.149,100.459,100.000,-0.298,7.85,8.952,-1.447,98.442,99.862,-0.16,6.63,6.731,-5.069,100.326,100.000,-0.16,5.41,7.262,-6.511,99.532,100.000,-0.16,4.19,8.028,-4.444,99.737,100.000,-0.16,2.97,6.784,-5.450,98.538,100.000,-0.16,1.75,7.025,-6.587,99.608,100.000,-0.16,0.53,8.899,-1.699,98.506,100.000
00:11.895,-0.16,9.07,7.227,-6.494,100.459,100.000,-0.16,7.85,8.935,-1.478,100.232,100.000,-0.16,6.63,6.524,-5.432,100.326,100.000,-0.16,5.41,7.107,-6.943,99.532,100.000,-0.16,4.19,7.916,-4.805,99.737,100.000,-0.16,2.97,6.569,-5.930,98.538,100.000,-0.16,1.75,6.845,-7.091,99.608,100.000,-0.16,0.53,8.895,-1.720,98.506,100.000
00:11.910,-0.16,9.07,7.045,-7.056,100.459,100.000,-0.16,7.85,8.909,-1.607,100.232,100.000,-0.16,6.63,6.324,-5.788,100.326,100.000,-0.16,5.41,6.914,-7.439,99.532,100.000,-0.16,4.19,7.782,-5.271,99.737,100.000,-0.16,2.97,6.359,-6.293,98.538,100.000,-0.16,1.75,6.638,-7.663,99.608,100.000,-0.16,0.53,8.903,-1.731,98.506,100.000
